frame_index,has_face,dominant_emotion,face_front
0,True,fear,False
1,True,fear,False
2,True,happy,False
3,True,sad,False
4,True,happy,False
5,True,fear,False
6,True,fear,False
7,True,fear,False
8,True,fear,False
9,True,sad,False
10,True,happy,False
11,True,fear,False
12,True,fear,False
13,True,fear,False
14,True,fear,False
15,True,sad,False
16,True,fear,False
17,True,fear,False
18,True,fear,False
19,True,fear,False
20,True,fear,False
21,True,happy,False
22,True,fear,False
23,True,fear,False
24,True,fear,False
25,True,fear,False
26,True,happy,False
27,True,fear,False
28,True,fear,False
29,True,happy,False
30,True,fear,False
31,True,fear,False
32,True,fear,False
33,True,fear,False
34,True,sad,False
35,True,fear,False
36,True,fear,False
37,True,fear,False
38,False,,False
39,True,fear,False
40,False,,False
41,True,angry,False
42,True,fear,False
43,True,fear,False
44,True,fear,False
45,False,,False
46,True,fear,False
47,True,neutral,False
48,False,,False
49,False,,False
50,True,fear,False
51,False,,False
52,True,fear,False
53,False,,False
54,False,,False
55,False,,False
56,False,,False
57,False,,False
58,True,fear,False
59,True,fear,False
60,False,,False
61,False,,False
62,True,fear,False
63,False,,False
64,True,fear,False
65,False,,False
66,True,fear,False
67,True,fear,False
68,True,fear,False
69,True,fear,False
70,False,,False
71,False,,False
72,True,fear,False
73,True,fear,False
74,False,,False
75,False,,False
76,True,fear,False
77,True,fear,False
78,False,,False
79,False,,False
80,False,,False
81,False,,False
82,False,,False
83,False,,False
84,True,fear,False
85,True,fear,False
86,False,,False
87,False,,False
88,False,,False
89,True,fear,False
90,False,,False
91,False,,False
92,True,fear,False
93,True,fear,False
94,True,fear,False
95,True,fear,False
96,False,,False
97,False,,False
98,False,,False
99,False,,False
100,False,,False
101,False,,False
102,True,fear,False
103,True,fear,False
104,False,,False
105,True,fear,False
106,False,,False
107,False,,False
108,True,fear,False
109,False,,False
110,False,,False
111,True,fear,False
112,False,,False
113,False,,False
114,False,,False
115,False,,False
116,False,,False
117,False,,False
118,False,,False
119,False,,False
120,False,,False
121,False,,False
122,False,,False
123,False,,False
124,False,,False
125,False,,False
126,False,,False
127,False,,False
128,False,,False
129,False,,True
130,False,,False
131,False,,False
132,False,,False
133,False,,False
134,False,,False
135,False,,False
136,False,,False
137,False,,False
138,False,,False
139,False,,False
140,False,,False
141,False,,True
142,False,,True
143,False,,True
144,False,,True
145,False,,True
146,False,,True
147,False,,True
148,False,,False
149,True,happy,False
150,False,,False
151,False,,False
152,False,,False
153,True,sad,False
154,True,fear,False
155,False,,False
156,False,,False
157,False,,True
158,False,,True
159,False,,True
160,False,,True
161,False,,True
162,False,,True
163,False,,True
164,False,,True
165,False,,True
166,False,,True
167,False,,True
168,False,,True
169,False,,True
170,False,,True
171,False,,True
172,False,,True
173,False,,True
174,False,,True
175,False,,True
176,False,,True
177,False,,True
178,False,,True
179,False,,True
180,True,happy,True
181,True,happy,True
182,True,happy,True
183,True,happy,True
184,True,happy,True
185,True,happy,True
186,True,happy,True
187,True,happy,True
188,True,happy,True
189,True,happy,True
190,True,happy,True
191,True,happy,True
192,True,sad,True
193,True,happy,True
194,True,happy,True
195,True,happy,True
196,True,happy,True
197,True,happy,True
198,True,happy,True
199,True,happy,True
200,True,happy,True
201,True,happy,True
202,True,happy,True
203,True,happy,True
204,True,happy,True
205,True,happy,True
206,True,happy,True
207,True,happy,True
208,True,happy,True
209,True,happy,True
210,True,happy,True
211,True,happy,True
212,True,happy,True
213,True,happy,True
214,True,happy,True
215,True,happy,True
216,True,happy,True
217,True,happy,True
218,True,happy,True
219,True,happy,True
220,True,happy,True
221,True,happy,True
222,True,neutral,True
223,True,neutral,True
224,True,happy,True
225,True,happy,True
226,True,happy,True
227,True,neutral,True
228,True,neutral,True
229,True,happy,True
230,True,happy,True
231,True,happy,True
232,True,happy,True
233,True,happy,True
234,True,neutral,True
235,True,happy,True
236,True,happy,True
237,True,happy,True
238,True,happy,True
239,True,happy,True
240,True,happy,True
241,True,happy,True
242,True,happy,True
243,True,happy,True
244,True,happy,True
245,True,happy,True
246,True,happy,True
247,True,happy,True
248,True,sad,True
249,True,neutral,True
250,True,neutral,True
251,True,fear,True
252,True,neutral,True
253,True,sad,True
254,True,sad,True
255,True,fear,True
256,True,angry,True
257,True,fear,True
258,True,neutral,True
259,True,fear,True
260,True,sad,True
261,True,fear,True
262,True,fear,True
263,True,fear,True
264,True,fear,True
265,True,fear,True
266,True,happy,True
267,True,happy,True
268,True,fear,True
269,True,fear,True
270,True,happy,True
271,True,happy,True
272,True,happy,True
273,True,happy,True
274,True,happy,True
275,True,happy,True
276,True,happy,True
277,True,happy,True
278,True,happy,True
279,True,happy,True
280,True,happy,True
281,True,happy,True
282,True,happy,True
283,True,happy,True
284,True,happy,True
285,True,happy,True
286,True,happy,True
287,True,happy,True
288,True,surprise,True
289,True,happy,True
290,True,happy,True
291,True,happy,True
292,True,happy,True
293,True,happy,True
294,True,happy,True
295,True,happy,True
296,True,happy,True
297,True,happy,True
298,True,happy,True
299,True,happy,True
300,True,happy,True
301,True,happy,True
302,True,happy,True
303,True,happy,True
304,True,happy,True
305,True,happy,True
306,True,happy,True
307,True,happy,True
308,True,happy,True
309,True,happy,True
310,True,neutral,True
311,True,happy,True
312,True,happy,True
313,True,happy,True
314,True,happy,True
315,True,happy,True
316,True,happy,True
317,True,happy,True
318,True,happy,True
319,True,happy,True
320,True,happy,True
321,True,happy,True
322,True,happy,True
323,True,happy,True
324,True,happy,True
325,True,happy,True
326,True,happy,True
327,True,neutral,True
328,True,neutral,True
329,True,happy,True
330,True,happy,True
331,True,happy,True
332,True,happy,True
333,True,happy,True
334,True,happy,True
335,True,happy,True
336,True,happy,True
337,True,happy,True
338,True,happy,True
339,True,happy,True
340,True,neutral,True
341,True,neutral,True
342,True,neutral,True
343,True,neutral,True
344,True,neutral,True
345,True,happy,True
346,True,neutral,True
347,True,neutral,True
348,True,happy,True
349,True,happy,True
350,True,happy,True
351,True,happy,True
352,True,happy,True
353,True,happy,True
354,True,happy,True
355,True,happy,True
356,True,happy,True
357,True,happy,True
358,True,happy,True
359,True,happy,True
360,False,,False
361,False,,False
362,False,,False
363,False,,False
364,False,,False
365,False,,False
366,False,,False
367,False,,False
368,False,,False
369,False,,False
370,False,,False
371,False,,False
372,False,,False
373,False,,False
374,False,,False
375,False,,False
376,False,,False
377,False,,False
378,False,,False
379,False,,False
380,False,,False
381,False,,False
382,False,,False
383,False,,False
384,False,,False
385,False,,False
386,False,,False
387,False,,False
388,False,,False
389,False,,False
390,False,,False
391,False,,False
392,False,,False
393,False,,False
394,False,,False
395,False,,False
396,False,,False
397,False,,False
398,False,,False
399,False,,False
400,False,,False
401,False,,False
402,False,,False
403,False,,False
404,False,,False
405,False,,False
406,False,,False
407,False,,False
408,False,,False
409,False,,False
410,False,,False
411,False,,False
412,False,,False
413,False,,False
414,False,,False
415,False,,False
416,False,,False
417,False,,False
418,False,,False
419,False,,False
420,False,,False
421,False,,False
422,False,,False
423,False,,False
424,False,,False
425,False,,False
426,False,,False
427,False,,False
428,False,,False
429,False,,False
430,False,,False
431,False,,False
432,False,,False
433,False,,False
434,False,,False
435,False,,False
436,False,,False
437,False,,False
438,False,,False
439,False,,False
440,False,,False
441,False,,False
442,False,,False
443,False,,False
444,False,,False
445,False,,False
446,False,,False
447,False,,False
448,False,,False
449,False,,False
450,False,,False
451,False,,False
452,False,,False
453,False,,False
454,False,,False
455,False,,False
456,False,,False
457,False,,False
458,False,,False
459,False,,False
460,False,,False
461,False,,False
462,False,,False
463,False,,False
464,False,,False
465,False,,False
466,False,,False
467,False,,False
468,False,,False
469,False,,False
470,False,,False
471,False,,False
472,False,,False
473,False,,False
474,False,,False
475,False,,False
476,False,,False
477,False,,False
478,False,,False
479,False,,False
480,False,,False
481,False,,False
482,False,,False
483,False,,False
484,False,,False
485,False,,False
486,False,,False
487,False,,False
488,False,,False
489,True,fear,False
490,True,fear,False
491,False,,False
492,False,,False
493,False,,False
494,False,,False
495,False,,False
496,False,,False
497,False,,False
498,False,,False
499,False,,False
500,False,,False
501,False,,False
502,False,,False
503,False,,False
504,False,,False
505,False,,False
506,False,,False
507,False,,False
508,False,,False
509,False,,False
510,False,,False
511,False,,False
512,False,,False
513,False,,False
514,False,,False
515,False,,False
516,False,,False
517,False,,False
518,False,,False
519,False,,False
520,False,,False
521,False,,False
522,False,,False
523,False,,False
524,False,,False
525,False,,False
526,False,,False
527,False,,False
528,False,,False
529,False,,False
530,False,,False
531,False,,False
532,False,,False
533,False,,False
534,False,,False
535,False,,False
536,False,,False
537,False,,False
538,False,,False
539,False,,False
540,False,,True
541,False,,True
542,False,,True
543,False,,False
544,False,,True
545,False,,True
546,False,,True
547,False,,True
548,False,,True
549,False,,True
550,False,,True
551,False,,True
552,False,,True
553,False,,True
554,False,,True
555,True,sad,True
556,True,sad,True
557,True,sad,True
558,True,sad,True
559,True,sad,True
560,True,neutral,True
561,True,neutral,True
562,True,fear,True
563,True,sad,True
564,True,neutral,True
565,True,sad,True
566,False,,True
567,False,,True
568,False,,True
569,False,,False
570,False,,False
571,False,,False
572,False,,False
573,False,,False
574,False,,False
575,False,,False
576,False,,False
577,False,,False
578,False,,False
579,False,,False
580,False,,False
581,False,,False
582,False,,False
583,False,,False
584,False,,False
585,False,,False
586,False,,False
587,False,,False
588,False,,False
589,False,,False
590,False,,False
591,False,,False
592,False,,False
593,False,,False
594,False,,False
595,False,,False
596,False,,False
597,False,,False
598,False,,False
599,True,fear,False
600,False,,False
601,False,,False
602,False,,False
603,False,,False
604,False,,False
605,False,,False
606,False,,False
607,False,,False
608,False,,False
609,False,,False
610,False,,False
611,False,,False
612,False,,False
613,False,,False
614,False,,False
615,False,,False
616,False,,False
617,False,,False
618,False,,False
619,False,,False
620,False,,False
621,False,,False
622,False,,False
623,False,,False
624,False,,False
625,False,,False
626,False,,False
627,False,,False
628,False,,False
629,False,,False
630,False,,False
631,True,fear,False
632,False,,False
633,False,,False
634,False,,False
635,False,,False
636,False,,False
637,False,,False
638,False,,False
639,False,,False
640,False,,False
641,False,,False
642,False,,False
643,False,,False
644,False,,False
645,False,,False
646,False,,False
647,False,,False
648,False,,False
649,False,,False
650,False,,False
651,False,,False
652,False,,False
653,False,,False
654,False,,False
655,False,,False
656,False,,False
657,False,,False
658,False,,False
659,False,,False
660,False,,False
661,False,,False
662,False,,False
663,False,,True
664,True,sad,True
665,True,sad,True
666,True,neutral,True
667,True,sad,True
668,True,angry,True
669,True,happy,True
670,True,happy,True
671,True,sad,True
672,True,sad,True
673,True,sad,True
674,True,neutral,True
675,True,fear,True
676,True,fear,True
677,True,neutral,True
678,True,sad,True
679,False,,False
680,False,,False
681,False,,False
682,False,,False
683,False,,False
684,False,,False
685,False,,False
686,False,,False
687,False,,False
688,False,,False
689,False,,False
690,False,,False
691,False,,False
692,False,,False
693,False,,False
694,False,,False
695,False,,False
696,False,,False
697,False,,False
698,False,,False
699,False,,False
700,False,,False
701,False,,False
702,False,,False
703,False,,False
704,False,,False
705,False,,False
706,False,,False
707,False,,False
708,False,,False
709,False,,False
710,False,,False
711,False,,False
712,False,,False
713,False,,False
714,False,,False
715,False,,False
716,False,,False
717,False,,False
718,False,,False
719,False,,False
720,True,neutral,True
721,True,neutral,True
722,True,happy,True
723,True,neutral,True
724,True,neutral,True
725,True,neutral,True
726,True,neutral,True
727,True,happy,True
728,True,neutral,True
729,True,neutral,True
730,True,happy,True
731,True,neutral,True
732,True,happy,True
733,True,neutral,True
734,True,neutral,True
735,True,neutral,True
736,True,neutral,True
737,True,neutral,True
738,True,neutral,True
739,True,neutral,True
740,True,neutral,True
741,True,neutral,True
742,True,neutral,True
743,True,neutral,True
744,True,neutral,True
745,True,neutral,True
746,True,neutral,True
747,True,neutral,True
748,True,neutral,True
749,True,neutral,True
750,True,neutral,True
751,True,neutral,True
752,True,neutral,True
753,True,neutral,True
754,True,neutral,True
755,True,neutral,True
756,True,neutral,True
757,True,neutral,True
758,True,neutral,True
759,True,neutral,True
760,True,neutral,True
761,True,neutral,True
762,True,neutral,True
763,True,neutral,True
764,True,neutral,True
765,True,neutral,True
766,True,neutral,True
767,True,neutral,True
768,True,neutral,True
769,True,neutral,True
770,True,neutral,True
771,True,neutral,True
772,True,neutral,True
773,True,neutral,True
774,True,neutral,True
775,True,neutral,True
776,True,neutral,True
777,True,neutral,True
778,True,neutral,True
779,True,neutral,True
780,True,neutral,True
781,True,neutral,True
782,True,neutral,True
783,True,neutral,True
784,True,neutral,True
785,True,neutral,True
786,True,neutral,True
787,True,neutral,True
788,True,neutral,True
789,True,neutral,True
790,True,neutral,True
791,True,neutral,True
792,True,neutral,True
793,True,neutral,True
794,True,neutral,True
795,True,neutral,True
796,True,neutral,True
797,True,neutral,True
798,True,neutral,True
799,True,neutral,True
800,True,neutral,True
801,True,neutral,True
802,True,neutral,True
803,True,neutral,True
804,True,neutral,True
805,True,neutral,True
806,True,neutral,True
807,True,happy,True
808,True,neutral,True
809,True,neutral,True
810,True,neutral,True
811,True,neutral,True
812,True,neutral,True
813,True,neutral,True
814,True,neutral,True
815,True,neutral,True
816,True,neutral,True
817,True,neutral,True
818,True,neutral,True
819,True,neutral,True
820,True,neutral,True
821,True,neutral,True
822,True,neutral,True
823,True,neutral,True
824,True,neutral,True
825,True,neutral,True
826,True,happy,True
827,True,neutral,True
828,True,neutral,True
829,True,happy,True
830,True,happy,True
831,True,neutral,True
832,True,neutral,True
833,True,neutral,True
834,True,neutral,True
835,True,neutral,True
836,True,neutral,True
837,True,neutral,True
838,True,happy,True
839,True,happy,True
840,True,happy,True
841,True,happy,True
842,True,happy,True
843,True,happy,True
844,True,happy,True
845,True,happy,True
846,True,happy,True
847,True,happy,True
848,True,happy,True
849,True,happy,True
850,True,happy,True
851,True,happy,True
852,True,happy,True
853,True,happy,True
854,True,happy,True
855,True,happy,True
856,True,happy,True
857,True,happy,True
858,True,happy,True
859,True,happy,True
860,True,happy,True
861,True,happy,True
862,True,happy,True
863,True,happy,True
864,True,happy,True
865,True,happy,True
866,True,happy,True
867,True,happy,True
868,True,happy,True
869,True,happy,True
870,True,happy,True
871,True,happy,True
872,True,happy,True
873,True,happy,True
874,True,happy,True
875,True,happy,True
876,True,happy,True
877,True,happy,True
878,True,happy,True
879,True,happy,True
880,True,happy,True
881,True,happy,True
882,True,happy,True
883,True,happy,True
884,True,happy,True
885,True,happy,True
886,True,happy,True
887,True,happy,True
888,True,happy,True
889,True,happy,True
890,True,happy,True
891,True,happy,True
892,True,happy,True
893,True,happy,True
894,True,happy,True
895,True,happy,True
896,True,happy,True
897,True,happy,True
898,True,happy,True
899,True,happy,True
900,True,surprise,True
901,True,surprise,True
902,True,surprise,True
903,True,happy,True
904,True,surprise,True
905,True,surprise,True
906,True,surprise,True
907,True,surprise,True
908,True,surprise,True
909,True,surprise,True
910,True,surprise,True
911,True,surprise,True
912,True,surprise,True
913,True,surprise,True
914,True,surprise,True
915,True,surprise,True
916,True,surprise,True
917,True,surprise,True
918,True,surprise,True
919,True,happy,True
920,True,surprise,True
921,True,surprise,True
922,True,happy,True
923,True,happy,True
924,True,surprise,True
925,True,happy,True
926,True,surprise,True
927,True,surprise,True
928,True,surprise,True
929,True,surprise,True
930,True,happy,True
931,True,surprise,True
932,True,happy,True
933,True,surprise,True
934,True,surprise,True
935,True,happy,True
936,True,neutral,True
937,True,happy,True
938,True,happy,True
939,True,happy,True
940,True,happy,True
941,True,surprise,True
942,True,happy,True
943,True,happy,True
944,True,happy,True
945,True,surprise,True
946,True,happy,True
947,True,happy,True
948,True,happy,True
949,True,happy,True
950,True,happy,True
951,True,happy,True
952,True,surprise,True
953,True,surprise,True
954,True,surprise,True
955,True,surprise,True
956,True,surprise,True
957,True,happy,True
958,True,happy,True
959,True,surprise,True
960,True,happy,True
961,True,surprise,True
962,True,happy,True
963,True,happy,True
964,True,happy,True
965,True,surprise,True
966,True,surprise,True
967,True,surprise,True
968,True,surprise,True
969,True,surprise,True
970,True,happy,True
971,True,surprise,True
972,True,neutral,True
973,True,surprise,True
974,True,happy,True
975,True,surprise,True
976,True,fear,True
977,True,neutral,True
978,True,happy,True
979,True,surprise,True
980,True,fear,True
981,True,happy,True
982,True,surprise,True
983,True,happy,True
984,True,surprise,True
985,True,surprise,True
986,True,happy,True
987,True,neutral,True
988,True,happy,True
989,True,happy,True
990,True,surprise,True
991,True,surprise,True
992,True,fear,True
993,True,happy,True
994,True,surprise,True
995,True,happy,True
996,True,surprise,True
997,True,neutral,True
998,True,neutral,True
999,True,surprise,True
1000,True,surprise,True
1001,True,surprise,True
1002,True,fear,True
1003,True,fear,True
1004,True,neutral,True
1005,True,neutral,True
1006,True,happy,True
1007,True,happy,True
1008,True,fear,True
1009,True,fear,True
1010,True,happy,True
1011,True,happy,True
1012,True,fear,True
1013,True,fear,True
1014,True,surprise,True
1015,True,neutral,True
1016,True,surprise,True
1017,True,happy,True
1018,True,surprise,True
1019,True,surprise,True
1020,True,surprise,True
1021,True,surprise,True
1022,True,surprise,True
1023,True,surprise,True
1024,True,surprise,True
1025,True,surprise,True
1026,True,surprise,True
1027,True,surprise,True
1028,True,surprise,True
1029,True,surprise,True
1030,True,surprise,True
1031,True,fear,True
1032,True,fear,True
1033,True,fear,True
1034,True,surprise,True
1035,True,surprise,True
1036,True,fear,True
1037,True,fear,True
1038,True,fear,True
1039,True,angry,True
1040,True,fear,True
1041,True,fear,True
1042,True,fear,True
1043,True,fear,True
1044,True,fear,True
1045,True,fear,True
1046,True,fear,True
1047,True,fear,True
1048,True,fear,True
1049,True,sad,True
1050,True,fear,True
1051,True,angry,True
1052,True,fear,True
1053,True,fear,True
1054,True,fear,True
1055,True,happy,True
1056,True,surprise,True
1057,True,fear,True
1058,True,fear,True
1059,True,fear,True
1060,True,surprise,True
1061,True,fear,True
1062,True,happy,True
1063,True,happy,True
1064,True,fear,True
1065,True,surprise,True
1066,True,surprise,True
1067,True,fear,True
1068,True,surprise,True
1069,True,fear,True
1070,True,surprise,True
1071,True,surprise,True
1072,True,happy,True
1073,True,surprise,True
1074,True,happy,True
1075,True,surprise,True
1076,True,surprise,True
1077,True,happy,True
1078,True,surprise,True
1079,True,neutral,True
1080,False,,True
1081,False,,True
1082,False,,True
1083,False,,False
1084,False,,False
1085,False,,True
1086,False,,True
1087,False,,True
1088,False,,True
1089,False,,True
1090,False,,False
1091,False,,True
1092,False,,True
1093,False,,True
1094,False,,True
1095,False,,True
1096,False,,True
1097,False,,True
1098,False,,True
1099,False,,True
1100,False,,True
1101,False,,True
1102,False,,True
1103,False,,True
1104,False,,True
1105,False,,True
1106,False,,True
1107,False,,True
1108,False,,True
1109,False,,True
1110,False,,True
1111,False,,True
1112,False,,True
1113,False,,True
1114,False,,True
1115,False,,True
1116,False,,True
1117,False,,True
1118,False,,True
1119,False,,True
1120,False,,True
1121,False,,True
1122,False,,True
1123,False,,True
1124,False,,True
1125,False,,True
1126,False,,True
1127,False,,True
1128,False,,True
1129,False,,True
1130,False,,True
1131,False,,True
1132,False,,True
1133,False,,True
1134,False,,True
1135,False,,True
1136,False,,True
1137,False,,False
1138,False,,False
1139,False,,False
1140,False,,False
1141,False,,False
1142,False,,False
1143,False,,False
1144,False,,False
1145,False,,False
1146,False,,False
1147,False,,False
1148,False,,False
1149,False,,False
1150,False,,False
1151,False,,False
1152,False,,False
1153,False,,False
1154,False,,False
1155,False,,False
1156,False,,False
1157,False,,False
1158,False,,False
1159,False,,False
1160,False,,False
1161,False,,False
1162,False,,False
1163,False,,False
1164,False,,True
1165,False,,True
1166,False,,True
1167,False,,True
1168,False,,True
1169,False,,True
1170,False,,True
1171,False,,True
1172,False,,True
1173,False,,True
1174,False,,True
1175,False,,True
1176,False,,True
1177,False,,True
1178,False,,True
1179,False,,True
1180,False,,True
1181,False,,True
1182,False,,True
1183,False,,True
1184,False,,True
1185,False,,True
1186,False,,True
1187,False,,True
1188,False,,True
1189,False,,True
1190,False,,True
1191,False,,True
1192,False,,True
1193,False,,True
1194,False,,True
1195,False,,False
1196,False,,False
1197,False,,False
1198,False,,False
1199,False,,False
1200,False,,False
1201,False,,False
1202,False,,False
1203,False,,False
1204,False,,False
1205,False,,False
1206,False,,False
1207,False,,False
1208,False,,False
1209,False,,False
1210,False,,False
1211,False,,False
1212,False,,False
1213,False,,False
1214,False,,False
1215,False,,False
1216,False,,False
1217,False,,False
1218,False,,False
1219,False,,False
1220,False,,False
1221,False,,False
1222,False,,False
1223,False,,False
1224,False,,False
1225,False,,False
1226,False,,False
1227,False,,False
1228,False,,False
1229,False,,False
1230,False,,False
1231,False,,False
1232,False,,False
1233,False,,False
1234,False,,False
1235,False,,False
1236,False,,False
1237,True,sad,False
1238,False,,False
1239,False,,True
1240,False,,True
1241,False,,True
1242,False,,True
1243,False,,False
1244,False,,False
1245,False,,False
1246,False,,False
1247,False,,False
1248,False,,False
1249,False,,False
1250,False,,False
1251,False,,False
1252,False,,False
1253,False,,False
1254,False,,False
1255,False,,False
1256,False,,False
1257,False,,False
1258,False,,False
1259,False,,False
1260,True,neutral,False
1261,True,neutral,False
1262,True,neutral,False
1263,True,neutral,False
1264,True,neutral,False
1265,True,neutral,False
1266,True,neutral,False
1267,True,neutral,False
1268,True,neutral,False
1269,True,neutral,False
1270,True,neutral,False
1271,True,neutral,False
1272,True,neutral,False
1273,True,neutral,False
1274,True,neutral,False
1275,True,neutral,False
1276,True,neutral,False
1277,True,neutral,False
1278,True,neutral,False
1279,True,neutral,False
1280,True,neutral,False
1281,True,neutral,False
1282,True,neutral,False
1283,True,neutral,False
1284,True,neutral,False
1285,True,neutral,False
1286,True,neutral,False
1287,True,neutral,False
1288,True,neutral,False
1289,True,neutral,False
1290,True,neutral,False
1291,True,neutral,False
1292,True,neutral,False
1293,True,angry,False
1294,True,angry,False
1295,True,angry,False
1296,True,angry,False
1297,True,neutral,False
1298,True,angry,False
1299,True,angry,False
1300,True,neutral,False
1301,True,neutral,False
1302,True,neutral,False
1303,True,angry,False
1304,True,sad,False
1305,True,fear,False
1306,True,sad,False
1307,True,fear,False
1308,True,sad,False
1309,True,sad,False
1310,True,sad,False
1311,True,fear,False
1312,True,neutral,False
1313,True,sad,False
1314,True,sad,False
1315,True,sad,False
1316,True,fear,False
1317,True,fear,False
1318,True,fear,False
1319,True,sad,False
1320,True,fear,False
1321,True,fear,False
1322,True,happy,False
1323,True,neutral,False
1324,True,neutral,False
1325,True,neutral,False
1326,True,sad,False
1327,True,sad,False
1328,True,neutral,False
1329,True,happy,False
1330,True,neutral,False
1331,True,neutral,False
1332,True,fear,False
1333,True,neutral,False
1334,True,fear,False
1335,True,fear,False
1336,True,happy,False
1337,True,sad,False
1338,True,neutral,False
1339,True,neutral,False
1340,True,fear,False
1341,True,fear,False
1342,True,happy,False
1343,True,neutral,False
1344,True,neutral,False
1345,True,neutral,False
1346,True,neutral,False
1347,True,sad,False
1348,True,neutral,False
1349,True,neutral,False
1350,True,neutral,False
1351,True,neutral,True
1352,True,neutral,True
1353,True,neutral,True
1354,True,sad,True
1355,True,sad,True
1356,True,sad,True
1357,True,sad,True
1358,True,sad,True
1359,True,angry,True
1360,True,fear,True
1361,True,sad,True
1362,True,sad,True
1363,True,neutral,True
1364,True,neutral,True
1365,True,neutral,True
1366,True,neutral,True
1367,True,neutral,True
1368,True,neutral,True
1369,True,sad,True
1370,True,sad,True
1371,True,sad,True
1372,True,sad,True
1373,True,sad,True
1374,True,sad,True
1375,True,sad,True
1376,True,neutral,True
1377,True,sad,True
1378,True,sad,True
1379,True,neutral,True
1380,True,sad,True
1381,True,sad,True
1382,True,neutral,True
1383,True,sad,True
1384,True,sad,True
1385,True,sad,True
1386,True,sad,True
1387,True,sad,True
1388,True,sad,True
1389,True,neutral,True
1390,True,neutral,True
1391,True,neutral,True
1392,True,neutral,True
1393,True,neutral,True
1394,True,neutral,True
1395,True,neutral,True
1396,True,neutral,True
1397,True,neutral,True
1398,True,neutral,True
1399,True,neutral,True
1400,True,neutral,True
1401,True,neutral,True
1402,True,neutral,True
1403,True,neutral,True
1404,True,neutral,True
1405,True,neutral,True
1406,False,,True
1407,False,,True
1408,True,fear,True
1409,False,,True
1410,False,,True
1411,False,,True
1412,True,sad,True
1413,False,,True
1414,False,,True
1415,False,,True
1416,False,,True
1417,False,,True
1418,True,neutral,True
1419,False,,True
1420,False,,True
1421,False,,True
1422,False,,True
1423,False,,True
1424,False,,True
1425,False,,True
1426,False,,True
1427,False,,True
1428,False,,True
1429,True,neutral,True
1430,False,,True
1431,False,,True
1432,False,,True
1433,True,neutral,True
1434,True,neutral,True
1435,True,neutral,True
1436,True,neutral,True
1437,True,neutral,True
1438,True,neutral,True
1439,True,neutral,True
1440,True,happy,True
1441,True,neutral,True
1442,True,neutral,True
1443,True,neutral,True
1444,True,neutral,True
1445,True,neutral,True
1446,True,neutral,True
1447,True,neutral,True
1448,True,happy,True
1449,True,neutral,True
1450,True,happy,True
1451,True,neutral,True
1452,True,happy,True
1453,True,happy,True
1454,True,happy,True
1455,True,happy,True
1456,True,happy,True
1457,True,happy,True
1458,True,happy,True
1459,True,happy,True
1460,True,happy,True
1461,True,happy,True
1462,True,happy,True
1463,True,fear,True
1464,True,happy,True
1465,True,fear,True
1466,True,happy,True
1467,True,happy,True
1468,True,happy,True
1469,True,happy,True
1470,True,happy,True
1471,True,happy,True
1472,True,happy,True
1473,True,happy,True
1474,True,happy,True
1475,True,happy,True
1476,True,happy,True
1477,True,happy,True
1478,True,happy,True
1479,True,happy,True
1480,True,happy,True
1481,True,happy,True
1482,True,happy,True
1483,True,happy,True
1484,True,happy,True
1485,True,happy,True
1486,True,happy,True
1487,True,happy,True
1488,True,happy,True
1489,True,happy,True
1490,True,happy,True
1491,True,happy,True
1492,True,happy,True
1493,True,happy,True
1494,True,happy,True
1495,True,happy,True
1496,True,happy,True
1497,True,happy,True
1498,True,happy,True
1499,True,happy,True
1500,True,happy,True
1501,True,neutral,True
1502,True,fear,True
1503,True,neutral,True
1504,True,fear,True
1505,True,happy,True
1506,True,happy,True
1507,True,happy,True
1508,True,neutral,True
1509,True,happy,True
1510,True,happy,True
1511,True,happy,True
1512,True,happy,True
1513,True,happy,True
1514,True,happy,True
1515,True,happy,True
1516,True,happy,True
1517,True,happy,True
1518,True,happy,True
1519,True,happy,True
1520,True,happy,True
1521,True,happy,True
1522,True,happy,True
1523,True,happy,True
1524,True,happy,True
1525,True,happy,True
1526,True,happy,True
1527,True,happy,True
1528,True,happy,False
1529,True,happy,False
1530,True,neutral,False
1531,True,fear,False
1532,True,fear,False
1533,True,happy,False
1534,True,happy,False
1535,True,happy,False
1536,True,fear,False
1537,True,neutral,False
1538,True,happy,False
1539,True,happy,True
1540,True,happy,True
1541,True,happy,True
1542,True,happy,True
1543,True,happy,True
1544,True,happy,True
1545,True,happy,True
1546,True,happy,True
1547,True,happy,True
1548,True,happy,True
1549,True,happy,True
1550,True,happy,True
1551,True,happy,True
1552,True,happy,True
1553,True,happy,True
1554,True,neutral,True
1555,True,neutral,True
1556,True,neutral,True
1557,True,neutral,True
1558,True,neutral,True
1559,True,neutral,True
1560,True,neutral,True
1561,True,neutral,True
1562,True,fear,True
1563,True,sad,True
1564,True,sad,True
1565,True,neutral,True
1566,True,fear,True
1567,True,happy,True
1568,True,happy,True
1569,True,happy,True
1570,True,happy,True
1571,True,happy,True
1572,True,happy,True
1573,True,happy,True
1574,True,happy,True
1575,True,happy,True
1576,True,happy,True
1577,True,happy,True
1578,True,happy,True
1579,True,happy,True
1580,True,happy,True
1581,True,happy,True
1582,True,happy,True
1583,True,happy,True
1584,True,happy,True
1585,True,happy,True
1586,True,happy,True
1587,True,happy,True
1588,True,happy,True
1589,True,happy,True
1590,True,happy,True
1591,True,happy,True
1592,True,happy,True
1593,True,happy,True
1594,True,happy,True
1595,True,happy,True
1596,True,happy,True
1597,True,neutral,True
1598,True,sad,True
1599,True,neutral,True
1600,True,neutral,True
1601,True,neutral,True
1602,True,neutral,True
1603,True,neutral,True
1604,True,fear,True
1605,True,happy,True
1606,True,happy,True
1607,True,happy,True
1608,True,happy,True
1609,True,happy,True
1610,True,happy,True
1611,True,fear,True
1612,True,fear,True
1613,True,fear,True
1614,True,fear,True
1615,True,happy,True
1616,True,fear,True
1617,True,fear,True
1618,True,happy,True
1619,True,happy,True
1620,True,neutral,True
1621,True,neutral,True
1622,True,neutral,True
1623,True,neutral,True
1624,True,neutral,True
1625,True,neutral,True
1626,True,neutral,True
1627,True,neutral,True
1628,True,neutral,True
1629,True,neutral,True
1630,True,neutral,True
1631,True,neutral,True
1632,True,neutral,True
1633,True,neutral,True
1634,True,neutral,True
1635,True,neutral,True
1636,True,neutral,True
1637,True,neutral,True
1638,True,neutral,True
1639,True,neutral,True
1640,True,neutral,True
1641,True,neutral,True
1642,True,neutral,True
1643,True,neutral,True
1644,True,neutral,True
1645,True,neutral,True
1646,True,neutral,True
1647,True,neutral,True
1648,True,neutral,True
1649,True,neutral,True
1650,True,neutral,True
1651,True,neutral,True
1652,True,neutral,True
1653,True,neutral,True
1654,True,neutral,True
1655,True,neutral,True
1656,True,sad,True
1657,True,sad,True
1658,True,neutral,True
1659,True,sad,True
1660,True,neutral,True
1661,True,neutral,True
1662,True,neutral,True
1663,True,neutral,True
1664,True,neutral,True
1665,True,neutral,True
1666,True,neutral,True
1667,True,neutral,True
1668,True,neutral,True
1669,True,neutral,True
1670,True,neutral,True
1671,True,neutral,True
1672,True,neutral,True
1673,True,neutral,True
1674,True,neutral,True
1675,True,neutral,True
1676,True,neutral,True
1677,True,neutral,True
1678,True,neutral,True
1679,True,neutral,True
1680,True,neutral,True
1681,True,neutral,True
1682,True,neutral,True
1683,True,neutral,True
1684,True,neutral,True
1685,True,neutral,True
1686,True,neutral,True
1687,True,neutral,True
1688,True,neutral,True
1689,True,neutral,True
1690,True,neutral,True
1691,True,neutral,True
1692,True,neutral,True
1693,True,neutral,True
1694,True,neutral,True
1695,True,neutral,True
1696,True,neutral,True
1697,True,neutral,True
1698,True,neutral,True
1699,True,neutral,True
1700,True,neutral,True
1701,True,neutral,True
1702,True,surprise,True
1703,True,surprise,True
1704,True,surprise,True
1705,True,surprise,True
1706,True,neutral,True
1707,True,surprise,True
1708,True,surprise,True
1709,True,surprise,True
1710,False,,True
1711,False,,False
1712,False,,False
1713,False,,False
1714,False,,False
1715,False,,False
1716,False,,False
1717,False,,False
1718,False,,False
1719,False,,False
1720,False,,False
1721,False,,False
1722,False,,False
1723,False,,False
1724,False,,False
1725,False,,False
1726,False,,False
1727,False,,False
1728,False,,False
1729,False,,False
1730,False,,False
1731,False,,False
1732,False,,False
1733,False,,False
1734,False,,False
1735,False,,False
1736,False,,False
1737,False,,False
1738,False,,False
1739,False,,False
1740,False,,False
1741,False,,False
1742,False,,False
1743,False,,False
1744,False,,False
1745,False,,False
1746,False,,False
1747,False,,False
1748,False,,False
1749,False,,False
1750,False,,False
1751,False,,False
1752,False,,False
1753,False,,False
1754,False,,False
1755,False,,False
1756,False,,False
1757,False,,False
1758,False,,False
1759,False,,False
1760,False,,False
1761,False,,False
1762,False,,False
1763,False,,False
1764,False,,False
1765,False,,False
1766,False,,False
1767,False,,False
1768,False,,False
1769,False,,False
1770,False,,False
1771,False,,False
1772,False,,False
1773,False,,False
1774,False,,False
1775,False,,False
1776,False,,False
1777,False,,False
1778,False,,False
1779,False,,False
1780,False,,False
1781,False,,False
1782,False,,False
1783,True,fear,False
1784,False,,False
1785,False,,False
1786,False,,False
1787,False,,False
1788,False,,False
1789,False,,False
1790,False,,False
1791,True,fear,False
1792,True,sad,False
1793,True,sad,False
1794,False,,False
1795,False,,False
1796,False,,False
1797,False,,False
1798,False,,False
1799,False,,False
1800,False,,False
1801,False,,False
1802,False,,False
1803,False,,False
1804,False,,False
1805,False,,False
1806,False,,False
1807,False,,False
1808,False,,False
1809,False,,False
1810,False,,False
1811,False,,False
1812,False,,False
1813,False,,False
1814,False,,False
1815,False,,False
1816,False,,False
1817,False,,False
1818,False,,False
1819,False,,False
1820,False,,False
1821,False,,False
1822,False,,False
1823,False,,False
1824,False,,False
1825,False,,False
1826,False,,False
1827,False,,False
1828,False,,False
1829,False,,False
1830,False,,True
1831,False,,True
1832,False,,True
1833,False,,True
1834,False,,True
1835,False,,True
1836,True,sad,True
1837,True,sad,True
1838,True,fear,True
1839,False,,True
1840,True,fear,True
1841,False,,True
1842,False,,True
1843,False,,True
1844,False,,True
1845,True,fear,True
1846,True,fear,True
1847,True,fear,True
1848,True,fear,True
1849,True,fear,True
1850,True,fear,True
1851,True,fear,True
1852,True,fear,True
1853,False,,True
1854,True,fear,True
1855,False,,True
1856,False,,True
1857,False,,True
1858,True,fear,True
1859,True,fear,True
1860,True,fear,True
1861,True,fear,True
1862,True,fear,True
1863,True,sad,True
1864,True,fear,True
1865,True,sad,True
1866,False,,True
1867,True,fear,True
1868,True,sad,True
1869,True,fear,True
1870,True,fear,True
1871,True,fear,True
1872,True,fear,True
1873,True,fear,True
1874,True,fear,True
1875,True,sad,True
1876,True,fear,True
1877,True,fear,True
1878,True,fear,True
1879,True,fear,True
1880,False,,True
1881,True,fear,True
1882,True,angry,True
1883,False,,True
1884,False,,True
1885,True,fear,True
1886,True,fear,True
1887,False,,True
1888,False,,False
1889,False,,False
1890,False,,False
1891,False,,False
1892,False,,False
1893,False,,False
1894,False,,False
1895,False,,False
1896,False,,False
1897,False,,False
1898,False,,False
1899,False,,False
1900,False,,False
1901,False,,False
1902,False,,False
1903,False,,False
1904,False,,False
1905,False,,False
1906,False,,False
1907,False,,False
1908,False,,False
1909,False,,False
1910,False,,False
1911,False,,False
1912,False,,False
1913,False,,False
1914,False,,False
1915,False,,False
1916,False,,False
1917,False,,False
1918,False,,False
1919,False,,False
1920,False,,False
1921,False,,False
1922,False,,False
1923,False,,False
1924,False,,False
1925,False,,False
1926,False,,False
1927,False,,False
1928,False,,False
1929,False,,False
1930,False,,True
1931,False,,True
1932,False,,True
1933,False,,True
1934,False,,True
1935,False,,True
1936,False,,True
1937,False,,True
1938,False,,True
1939,False,,True
1940,False,,True
1941,False,,True
1942,False,,True
1943,False,,True
1944,False,,True
1945,False,,True
1946,False,,True
1947,False,,True
1948,False,,True
1949,False,,True
1950,False,,True
1951,False,,True
1952,False,,True
1953,False,,True
1954,False,,True
1955,False,,True
1956,False,,True
1957,False,,True
1958,False,,True
1959,False,,True
1960,False,,True
1961,False,,True
1962,False,,True
1963,False,,False
1964,False,,False
1965,False,,False
1966,False,,False
1967,False,,False
1968,False,,False
1969,False,,False
1970,False,,False
1971,False,,False
1972,False,,False
1973,False,,False
1974,False,,False
1975,False,,False
1976,False,,False
1977,False,,False
1978,False,,False
1979,False,,False
1980,False,,False
1981,False,,False
1982,False,,False
1983,False,,False
1984,False,,False
1985,False,,False
1986,False,,False
1987,False,,False
1988,False,,False
1989,False,,False
1990,False,,False
1991,False,,False
1992,False,,False
1993,False,,False
1994,False,,False
1995,False,,False
1996,False,,False
1997,False,,False
1998,False,,False
1999,False,,False
2000,False,,False
2001,False,,False
2002,False,,False
2003,False,,False
2004,False,,False
2005,False,,False
2006,False,,False
2007,False,,False
2008,False,,False
2009,False,,False
2010,False,,False
2011,False,,False
2012,False,,False
2013,False,,False
2014,False,,False
2015,False,,False
2016,False,,False
2017,False,,False
2018,False,,False
2019,False,,False
2020,False,,False
2021,False,,False
2022,False,,False
2023,False,,False
2024,False,,False
2025,False,,False
2026,False,,False
2027,False,,False
2028,False,,False
2029,False,,False
2030,False,,False
2031,False,,False
2032,False,,False
2033,False,,False
2034,False,,False
2035,False,,False
2036,False,,False
2037,False,,False
2038,False,,False
2039,False,,False
2040,False,,False
2041,False,,False
2042,False,,False
2043,False,,False
2044,False,,False
2045,False,,False
2046,False,,False
2047,False,,False
2048,False,,False
2049,False,,False
2050,False,,False
2051,False,,False
2052,False,,False
2053,False,,False
2054,False,,False
2055,False,,False
2056,False,,False
2057,False,,False
2058,False,,False
2059,False,,False
2060,False,,False
2061,False,,False
2062,False,,False
2063,False,,False
2064,False,,False
2065,False,,False
2066,False,,False
2067,False,,False
2068,False,,False
2069,False,,False
2070,False,,False
2071,False,,False
2072,False,,False
2073,False,,False
2074,False,,False
2075,False,,False
2076,False,,False
2077,False,,False
2078,False,,False
2079,False,,False
2080,False,,False
2081,False,,False
2082,False,,False
2083,False,,False
2084,False,,False
2085,False,,False
2086,False,,False
2087,False,,False
2088,False,,False
2089,False,,False
2090,False,,False
2091,False,,False
2092,False,,False
2093,False,,False
2094,False,,False
2095,False,,False
2096,False,,False
2097,False,,False
2098,False,,False
2099,False,,False
2100,False,,False
2101,False,,False
2102,False,,False
2103,False,,False
2104,False,,False
2105,False,,False
2106,False,,False
2107,False,,False
2108,False,,False
2109,False,,False
2110,False,,False
2111,False,,False
2112,False,,False
2113,False,,False
2114,False,,False
2115,False,,False
2116,False,,False
2117,False,,False
2118,False,,False
2119,False,,False
2120,False,,False
2121,False,,False
2122,False,,False
2123,False,,False
2124,False,,False
2125,False,,False
2126,False,,False
2127,False,,False
2128,False,,False
2129,False,,False
2130,False,,False
2131,False,,False
2132,False,,False
2133,False,,False
2134,False,,False
2135,False,,False
2136,False,,False
2137,False,,False
2138,False,,False
2139,False,,False
2140,False,,False
2141,False,,False
2142,False,,False
2143,False,,False
2144,False,,False
2145,False,,False
2146,False,,False
2147,False,,False
2148,False,,False
2149,False,,False
2150,False,,False
2151,False,,False
2152,False,,False
2153,False,,False
2154,False,,False
2155,False,,False
2156,False,,False
2157,False,,False
2158,False,,False
2159,False,,False
2160,False,,False
2161,False,,False
2162,False,,False
2163,False,,False
2164,False,,False
2165,False,,False
2166,False,,False
2167,False,,False
2168,False,,False
2169,False,,False
2170,False,,False
2171,False,,False
2172,False,,False
2173,False,,False
2174,False,,False
2175,False,,False
2176,False,,False
2177,False,,False
2178,False,,False
2179,False,,False
2180,False,,False
2181,False,,False
2182,False,,False
2183,False,,False
2184,False,,False
2185,False,,False
2186,False,,False
2187,False,,False
2188,False,,False
2189,False,,False
2190,False,,False
2191,False,,False
2192,False,,False
2193,False,,False
2194,False,,False
2195,False,,False
2196,False,,False
2197,False,,False
2198,False,,False
2199,False,,False
2200,False,,False
2201,False,,False
2202,False,,False
2203,False,,False
2204,False,,False
2205,False,,False
2206,False,,False
2207,False,,False
2208,False,,False
2209,False,,False
2210,False,,False
2211,False,,False
2212,False,,False
2213,False,,False
2214,False,,False
2215,False,,False
2216,False,,False
2217,False,,False
2218,False,,False
2219,False,,False
2220,False,,False
2221,False,,False
2222,False,,False
2223,False,,False
2224,False,,False
2225,False,,False
2226,False,,False
2227,False,,False
2228,False,,False
2229,False,,False
2230,False,,False
2231,False,,False
2232,False,,False
2233,False,,False
2234,False,,False
2235,False,,False
2236,False,,False
2237,False,,False
2238,False,,False
2239,False,,False
2240,False,,False
2241,False,,False
2242,False,,False
2243,False,,False
2244,False,,False
2245,False,,False
2246,False,,False
2247,False,,False
2248,False,,False
2249,False,,False
2250,False,,False
2251,False,,False
2252,False,,False
2253,False,,False
2254,False,,False
2255,False,,False
2256,False,,False
2257,False,,False
2258,False,,False
2259,False,,False
2260,False,,False
2261,False,,False
2262,False,,False
2263,False,,False
2264,False,,False
2265,False,,False
2266,False,,False
2267,False,,False
2268,False,,False
2269,False,,False
2270,False,,False
2271,False,,False
2272,False,,False
2273,False,,False
2274,False,,False
2275,False,,False
2276,False,,False
2277,False,,False
2278,False,,False
2279,False,,False
2280,False,,False
2281,False,,False
2282,False,,False
2283,False,,False
2284,False,,False
2285,False,,False
2286,False,,False
2287,False,,False
2288,False,,False
2289,False,,False
2290,False,,False
2291,False,,False
2292,False,,False
2293,False,,False
2294,False,,False
2295,False,,False
2296,False,,False
2297,False,,False
2298,False,,False
2299,False,,False
2300,False,,False
2301,False,,False
2302,False,,False
2303,False,,False
2304,False,,False
2305,False,,False
2306,False,,False
2307,False,,False
2308,False,,False
2309,False,,False
2310,False,,False
2311,False,,False
2312,False,,False
2313,False,,False
2314,False,,False
2315,False,,False
2316,False,,False
2317,False,,False
2318,False,,False
2319,False,,False
2320,False,,False
2321,False,,False
2322,False,,False
2323,False,,False
2324,False,,False
2325,False,,False
2326,False,,False
2327,False,,False
2328,False,,False
2329,False,,False
2330,False,,False
2331,False,,False
2332,False,,False
2333,False,,False
2334,False,,False
2335,False,,False
2336,False,,False
2337,False,,False
2338,False,,False
2339,False,,False
2340,False,,False
2341,False,,False
2342,False,,False
2343,False,,False
2344,False,,False
2345,False,,False
2346,False,,False
2347,False,,False
2348,False,,False
2349,False,,False
2350,False,,False
2351,False,,False
2352,False,,False
2353,False,,False
2354,False,,False
2355,False,,False
2356,False,,False
2357,False,,False
2358,False,,False
2359,False,,False
2360,False,,False
2361,False,,False
2362,False,,False
2363,False,,False
2364,False,,False
2365,False,,False
2366,False,,False
2367,False,,False
2368,False,,False
2369,False,,False
2370,False,,False
2371,False,,False
2372,False,,False
2373,False,,False
2374,False,,False
2375,False,,False
2376,False,,False
2377,False,,False
2378,False,,False
2379,False,,False
2380,False,,False
2381,False,,False
2382,False,,False
2383,False,,False
2384,False,,False
2385,False,,False
2386,False,,False
2387,False,,False
2388,False,,False
2389,False,,False
2390,False,,False
2391,False,,False
2392,False,,False
2393,False,,False
2394,False,,False
2395,False,,False
2396,False,,False
2397,False,,False
2398,False,,False
2399,False,,False
2400,False,,False
2401,False,,False
2402,False,,False
2403,False,,False
2404,False,,False
2405,False,,False
2406,False,,False
2407,False,,False
2408,False,,False
2409,False,,False
2410,False,,False
2411,False,,False
2412,False,,False
2413,False,,False
2414,False,,False
2415,False,,False
2416,False,,False
2417,False,,False
2418,False,,False
2419,False,,False
2420,False,,False
2421,False,,False
2422,False,,False
2423,False,,False
2424,False,,False
2425,False,,False
2426,False,,False
2427,False,,False
2428,False,,False
2429,False,,False
2430,False,,False
2431,False,,False
2432,False,,False
2433,False,,False
2434,False,,False
2435,False,,False
2436,False,,False
2437,False,,False
2438,False,,False
2439,False,,False
2440,False,,False
2441,False,,False
2442,False,,False
2443,False,,False
2444,False,,False
2445,False,,False
2446,False,,False
2447,False,,False
2448,False,,False
2449,False,,False
2450,False,,False
2451,False,,False
2452,False,,False
2453,False,,False
2454,False,,False
2455,False,,False
2456,False,,False
2457,False,,False
2458,False,,False
2459,False,,False
2460,False,,False
2461,False,,False
2462,False,,False
2463,False,,False
2464,False,,False
2465,False,,False
2466,False,,False
2467,False,,False
2468,False,,False
2469,False,,False
2470,False,,False
2471,False,,False
2472,False,,False
2473,False,,False
2474,False,,False
2475,False,,False
2476,False,,False
2477,False,,False
2478,False,,False
2479,False,,False
2480,False,,False
2481,False,,False
2482,False,,False
2483,False,,False
2484,False,,False
2485,False,,False
2486,False,,False
2487,False,,False
2488,False,,False
2489,False,,False
2490,True,sad,False
2491,False,,False
2492,False,,False
2493,False,,False
2494,False,,False
2495,False,,False
2496,False,,False
2497,False,,False
2498,False,,False
2499,False,,False
2500,False,,False
2501,False,,False
2502,False,,False
2503,False,,False
2504,False,,False
2505,False,,False
2506,False,,False
2507,False,,False
2508,False,,False
2509,False,,False
2510,False,,False
2511,False,,False
2512,False,,False
2513,False,,False
2514,False,,False
2515,False,,False
2516,False,,False
2517,False,,False
2518,False,,False
2519,False,,False
2520,False,,False
2521,False,,False
2522,False,,False
2523,False,,False
2524,False,,False
2525,False,,False
2526,False,,False
2527,False,,False
2528,False,,False
2529,False,,False
2530,False,,False
2531,False,,False
2532,False,,False
2533,False,,False
2534,False,,False
2535,False,,False
2536,False,,False
2537,False,,False
2538,False,,False
2539,False,,False
2540,False,,False
2541,False,,False
2542,False,,False
2543,False,,False
2544,False,,False
2545,False,,False
2546,False,,False
2547,False,,False
2548,False,,False
2549,False,,False
2550,False,,False
2551,False,,False
2552,False,,False
2553,False,,False
2554,False,,False
2555,False,,False
2556,False,,False
2557,False,,False
2558,False,,False
2559,False,,False
2560,False,,False
2561,False,,False
2562,False,,False
2563,False,,False
2564,False,,False
2565,False,,False
2566,False,,False
2567,False,,False
2568,False,,False
2569,False,,False
2570,False,,False
2571,False,,False
2572,False,,False
2573,False,,False
2574,False,,False
2575,False,,False
2576,False,,False
2577,False,,False
2578,False,,False
2579,False,,False
2580,False,,False
2581,False,,False
2582,True,happy,False
2583,False,,False
2584,False,,False
2585,False,,False
2586,False,,False
2587,False,,False
2588,False,,False
2589,False,,False
2590,False,,False
2591,False,,False
2592,False,,False
2593,False,,False
2594,False,,False
2595,False,,False
2596,False,,False
2597,False,,False
2598,False,,False
2599,False,,False
2600,False,,False
2601,False,,False
2602,False,,False
2603,False,,False
2604,False,,False
2605,False,,False
2606,False,,False
2607,False,,False
2608,False,,False
2609,False,,False
2610,False,,False
2611,False,,False
2612,False,,False
2613,False,,False
2614,False,,False
2615,False,,False
2616,False,,False
2617,False,,False
2618,False,,False
2619,False,,False
2620,False,,False
2621,False,,False
2622,False,,False
2623,False,,False
2624,False,,False
2625,False,,False
2626,False,,False
2627,False,,False
2628,False,,False
2629,False,,False
2630,False,,False
2631,False,,False
2632,False,,False
2633,False,,False
2634,False,,False
2635,False,,False
2636,False,,False
2637,False,,False
2638,False,,False
2639,False,,False
2640,False,,False
2641,False,,False
2642,False,,False
2643,False,,False
2644,False,,False
2645,False,,False
2646,False,,False
2647,False,,False
2648,False,,False
2649,False,,False
2650,False,,False
2651,False,,False
2652,False,,False
2653,False,,False
2654,False,,False
2655,False,,False
2656,False,,False
2657,False,,False
2658,False,,False
2659,False,,False
2660,False,,False
2661,False,,False
2662,False,,False
2663,False,,False
2664,False,,False
2665,False,,False
2666,False,,False
2667,False,,False
2668,False,,False
2669,False,,False
2670,False,,False
2671,False,,False
2672,False,,False
2673,False,,False
2674,False,,False
2675,False,,False
2676,True,neutral,False
2677,True,neutral,False
2678,True,neutral,False
2679,True,neutral,False
2680,True,neutral,False
2681,True,fear,False
2682,False,,False
2683,False,,False
2684,False,,False
2685,False,,False
2686,False,,False
2687,False,,False
2688,False,,False
2689,False,,False
2690,False,,False
2691,False,,False
2692,False,,False
2693,False,,False
2694,False,,False
2695,False,,False
2696,False,,False
2697,False,,False
2698,False,,False
2699,False,,False
2700,False,,False
2701,False,,False
2702,False,,False
2703,False,,False
2704,False,,False
2705,False,,False
2706,False,,False
2707,False,,False
2708,False,,False
2709,False,,False
2710,False,,False
2711,False,,False
2712,False,,False
2713,False,,False
2714,False,,False
2715,False,,False
2716,False,,False
2717,False,,False
2718,False,,False
2719,False,,False
2720,False,,False
2721,False,,False
2722,False,,False
2723,False,,False
2724,False,,False
2725,False,,False
2726,False,,False
2727,False,,False
2728,False,,False
2729,False,,False
2730,False,,False
2731,False,,False
2732,False,,False
2733,False,,False
2734,False,,False
2735,False,,False
2736,False,,False
2737,False,,False
2738,False,,False
2739,False,,False
2740,False,,False
2741,False,,False
2742,False,,False
2743,False,,False
2744,False,,False
2745,False,,False
2746,False,,False
2747,False,,False
2748,False,,False
2749,False,,False
2750,False,,False
2751,False,,False
2752,False,,False
2753,False,,False
2754,False,,False
2755,False,,False
2756,False,,False
2757,False,,False
2758,False,,False
2759,False,,False
2760,False,,False
2761,False,,False
2762,False,,False
2763,False,,False
2764,False,,False
2765,False,,False
2766,False,,False
2767,False,,False
2768,False,,False
2769,False,,False
2770,False,,False
2771,False,,False
2772,False,,False
2773,False,,False
2774,False,,False
2775,False,,False
2776,False,,False
2777,False,,False
2778,False,,False
2779,False,,False
2780,False,,False
2781,False,,False
2782,False,,False
2783,False,,False
2784,False,,False
2785,False,,False
2786,False,,False
2787,False,,False
2788,False,,False
2789,False,,False
2790,False,,False
2791,False,,False
2792,False,,False
2793,False,,False
2794,False,,False
2795,False,,False
2796,False,,False
2797,False,,False
2798,False,,False
2799,False,,False
2800,False,,False
2801,False,,False
2802,False,,False
2803,False,,False
2804,False,,False
2805,False,,False
2806,False,,False
2807,False,,False
2808,False,,False
2809,False,,False
2810,False,,False
2811,False,,False
2812,False,,False
2813,False,,False
2814,False,,False
2815,False,,False
2816,False,,False
2817,False,,False
2818,False,,False
2819,True,neutral,False
2820,True,neutral,False
2821,False,,False
2822,True,neutral,False
2823,True,neutral,False
2824,False,,False
2825,False,,False
2826,False,,False
2827,False,,False
2828,False,,False
2829,False,,False
2830,False,,False
2831,False,,False
2832,False,,False
2833,False,,False
2834,False,,False
2835,False,,False
2836,False,,False
2837,False,,False
2838,False,,False
2839,True,neutral,False
2840,True,neutral,False
2841,False,,False
2842,False,,False
2843,True,fear,False
2844,False,,False
2845,True,happy,False
2846,False,,False
2847,False,,False
2848,False,,False
2849,False,,False
2850,False,,False
2851,False,,False
2852,False,,False
2853,True,happy,False
2854,False,,False
2855,False,,False
2856,False,,False
2857,False,,False
2858,False,,False
2859,False,,False
2860,False,,False
2861,False,,False
2862,False,,False
2863,True,sad,False
2864,False,,False
2865,False,,False
2866,False,,False
2867,False,,False
2868,False,,False
2869,False,,False
2870,False,,False
2871,False,,False
2872,False,,False
2873,False,,False
2874,True,surprise,False
2875,False,,False
2876,False,,False
2877,False,,False
2878,False,,False
2879,False,,False
2880,False,,False
2881,False,,False
2882,False,,False
2883,False,,False
2884,False,,False
2885,False,,False
2886,False,,False
2887,False,,False
2888,False,,False
2889,False,,False
2890,False,,False
2891,False,,False
2892,False,,False
2893,False,,False
2894,False,,False
2895,False,,False
2896,False,,False
2897,False,,False
2898,False,,False
2899,False,,False
2900,False,,False
2901,False,,False
2902,False,,False
2903,False,,False
2904,False,,False
2905,False,,False
2906,False,,False
2907,False,,False
2908,False,,False
2909,False,,False
2910,False,,False
2911,False,,False
2912,False,,False
2913,False,,False
2914,False,,False
2915,False,,False
2916,False,,False
2917,False,,False
2918,False,,False
2919,False,,False
2920,False,,False
2921,False,,False
2922,False,,False
2923,False,,False
2924,False,,False
2925,False,,False
2926,False,,False
2927,False,,False
2928,False,,False
2929,False,,False
2930,False,,False
2931,False,,False
2932,False,,False
2933,False,,False
2934,False,,False
2935,False,,False
2936,False,,False
2937,False,,False
2938,False,,False
2939,False,,False
2940,False,,False
2941,False,,False
2942,False,,True
2943,False,,False
2944,False,,False
2945,False,,True
2946,False,,True
2947,False,,False
2948,False,,False
2949,False,,False
2950,False,,False
2951,False,,False
2952,False,,False
2953,False,,True
2954,False,,True
2955,False,,True
2956,False,,True
2957,False,,False
2958,False,,False
2959,False,,False
2960,False,,False
2961,False,,False
2962,False,,False
2963,False,,False
2964,False,,False
2965,False,,False
2966,False,,False
2967,False,,False
2968,False,,False
2969,False,,False
2970,False,,False
2971,False,,False
2972,False,,False
2973,False,,False
2974,False,,False
2975,False,,False
2976,False,,True
2977,False,,False
2978,False,,False
2979,False,,False
2980,False,,False
2981,False,,False
2982,False,,False
2983,False,,False
2984,False,,False
2985,False,,False
2986,False,,False
2987,False,,False
2988,False,,False
2989,False,,False
2990,False,,False
2991,False,,False
2992,False,,False
2993,False,,False
2994,False,,False
2995,False,,False
2996,False,,False
2997,False,,False
2998,False,,False
2999,True,fear,False
3000,False,,False
3001,False,,False
3002,False,,False
3003,False,,False
3004,False,,False
3005,False,,False
3006,False,,False
3007,False,,False
3008,False,,False
3009,False,,False
3010,False,,False
3011,False,,False
3012,False,,False
3013,False,,False
3014,False,,False
3015,False,,False
3016,False,,False
3017,False,,False
3018,False,,False
3019,False,,False
3020,False,,False
3021,False,,False
3022,False,,False
3023,True,fear,False
3024,True,fear,False
3025,True,fear,False
3026,False,,False
3027,False,,False
3028,False,,False
3029,False,,True
3030,False,,False
3031,False,,False
3032,False,,False
3033,False,,False
3034,False,,False
3035,False,,False
3036,False,,False
3037,False,,False
3038,False,,False
3039,False,,False
3040,False,,False
3041,False,,False
3042,False,,False
3043,False,,False
3044,False,,False
3045,False,,False
3046,False,,False
3047,False,,False
3048,False,,False
3049,False,,False
3050,False,,False
3051,False,,False
3052,False,,False
3053,False,,False
3054,False,,False
3055,False,,False
3056,False,,False
3057,False,,False
3058,False,,False
3059,False,,False
3060,False,,False
3061,False,,False
3062,False,,False
3063,False,,False
3064,False,,False
3065,False,,False
3066,False,,False
3067,False,,False
3068,False,,False
3069,False,,False
3070,False,,False
3071,False,,False
3072,False,,False
3073,False,,False
3074,False,,False
3075,False,,False
3076,False,,False
3077,False,,False
3078,False,,False
3079,False,,False
3080,False,,False
3081,False,,False
3082,False,,False
3083,False,,False
3084,False,,False
3085,False,,False
3086,False,,False
3087,False,,False
3088,False,,False
3089,False,,False
3090,False,,False
3091,False,,False
3092,False,,False
3093,False,,False
3094,False,,False
3095,False,,False
3096,False,,False
3097,False,,False
3098,False,,False
3099,False,,False
3100,False,,False
3101,False,,False
3102,False,,False
3103,False,,False
3104,False,,False
3105,False,,False
3106,False,,False
3107,False,,False
3108,False,,False
3109,False,,False
3110,False,,False
3111,False,,False
3112,False,,False
3113,False,,False
3114,False,,False
3115,False,,False
3116,False,,False
3117,False,,False
3118,False,,False
3119,False,,False
3120,False,,False
3121,False,,False
3122,False,,False
3123,True,sad,False
3124,True,sad,False
3125,False,,False
3126,False,,False
3127,False,,False
3128,False,,False
3129,False,,False
3130,False,,False
3131,False,,False
3132,False,,False
3133,False,,True
3134,False,,False
3135,False,,True
3136,False,,False
3137,False,,False
3138,False,,False
3139,False,,True
3140,False,,False
3141,False,,True
3142,False,,False
3143,False,,False
3144,False,,False
3145,True,happy,False
3146,True,neutral,False
3147,True,neutral,False
3148,True,neutral,False
3149,True,happy,False
3150,True,happy,False
3151,True,happy,False
3152,True,happy,False
3153,True,happy,False
3154,True,happy,True
3155,True,happy,False
3156,True,happy,False
3157,True,happy,False
3158,True,happy,False
3159,True,happy,False
3160,True,happy,False
3161,True,happy,False
3162,True,happy,False
3163,True,happy,False
3164,True,happy,False
3165,True,happy,False
3166,True,happy,False
3167,True,happy,True
3168,True,happy,True
3169,True,happy,True
3170,True,happy,True
3171,True,happy,False
3172,True,happy,False
3173,True,happy,False
3174,True,happy,False
3175,True,happy,False
3176,True,happy,False
3177,True,happy,True
3178,True,happy,False
3179,True,happy,True
3180,True,happy,True
3181,True,happy,True
3182,True,happy,False
3183,True,happy,False
3184,True,happy,False
3185,True,happy,False
3186,True,happy,False
3187,True,happy,False
3188,True,happy,False
3189,True,happy,False
3190,True,happy,True
3191,True,happy,False
3192,True,happy,False
3193,True,happy,True
3194,True,happy,False
3195,True,happy,True
3196,True,happy,True
3197,True,happy,True
3198,True,happy,True
3199,True,happy,True
3200,True,happy,False
3201,True,happy,False
3202,True,happy,False
3203,True,happy,False
3204,True,happy,False
3205,True,happy,False
3206,True,happy,False
3207,True,happy,False
3208,True,happy,False
3209,True,happy,False
3210,True,happy,False
3211,True,happy,False
3212,True,happy,False
3213,True,happy,False
3214,True,happy,False
3215,True,happy,False
3216,True,happy,False
3217,True,happy,False
3218,True,happy,False
3219,True,happy,False
3220,True,happy,False
3221,True,happy,False
3222,True,happy,False
3223,True,happy,False
3224,True,happy,False
3225,True,happy,False
3226,True,happy,False
3227,True,happy,False
3228,True,happy,False
3229,True,happy,False
3230,True,happy,False
3231,True,fear,False
3232,True,fear,False
3233,True,fear,False
3234,True,fear,False
3235,True,happy,False
3236,True,neutral,False
3237,True,happy,False
3238,True,happy,False
3239,True,neutral,False
3240,True,neutral,False
3241,True,neutral,False
3242,True,neutral,False
3243,True,happy,False
3244,True,neutral,False
3245,True,neutral,False
3246,True,neutral,False
3247,True,neutral,False
3248,True,neutral,False
3249,True,neutral,False
3250,True,neutral,False
3251,True,neutral,False
3252,True,happy,False
3253,True,neutral,False
3254,True,neutral,False
3255,True,sad,False
3256,True,neutral,False
3257,True,neutral,False
3258,True,neutral,False
3259,True,sad,False
3260,True,sad,False
3261,True,neutral,False
3262,True,neutral,False
3263,True,sad,False
3264,True,sad,False
3265,True,neutral,False
3266,True,sad,False
3267,True,neutral,False
3268,True,happy,False
3269,True,sad,False
3270,True,neutral,False
3271,True,neutral,False
3272,True,happy,False
3273,True,neutral,False
3274,True,sad,False
3275,True,neutral,False
3276,True,sad,False
3277,True,sad,False
3278,True,sad,False
3279,True,sad,False
3280,True,fear,False
3281,True,fear,False
3282,True,happy,False
3283,True,happy,False
3284,True,neutral,False
3285,True,happy,False
3286,True,happy,False
3287,True,fear,False
3288,True,fear,False
3289,True,fear,False
3290,True,happy,False
3291,True,happy,False
3292,True,happy,False
3293,True,fear,False
3294,True,fear,False
3295,True,happy,False
3296,True,happy,False
3297,True,fear,False
3298,True,happy,False
3299,True,happy,False
3300,True,sad,True
3301,True,angry,True
3302,True,sad,True
3303,True,sad,True
3304,True,sad,True
3305,True,neutral,True
3306,True,sad,True
3307,True,sad,True
3308,True,fear,True
3309,True,sad,True
3310,True,sad,True
3311,True,sad,True
3312,True,sad,True
3313,True,sad,False
3314,True,sad,True
3315,True,sad,True
3316,True,sad,True
3317,True,sad,True
3318,True,sad,True
3319,True,sad,True
3320,True,sad,True
3321,True,sad,True
3322,True,sad,True
3323,True,sad,True
3324,True,fear,True
3325,True,sad,True
